{
 "Dashboard":
 {
  "description": "Dashboard to get an overview of OSE servers",
  "editable": true,
  "gnetId": 22,
  "graphTooltip": 0,
  "hideControls": false,
  "id": null,
  "links": [],
  "refresh": false,
  "rows": [
    {
      "collapse": false,
      "height": "250px",
      "panels": [
        {
          "aliasColors": {},
          "bars": false,
          "datasource": "Prometheus",
          "editable": true,
          "error": false,
          "fill": 1,
          "grid": {},
          "id": 3,
          "legend": {
            "avg": false,
            "current": false,
            "max": false,
            "min": false,
            "show": true,
            "total": false,
            "values": false
          },
          "lines": true,
          "linewidth": 2,
          "links": [],
          "nullPointMode": "connected",
          "percentage": false,
          "pointradius": 5,
          "points": false,
          "renderer": "flot",
          "seriesOverrides": [],
          "span": 6,
          "stack": false,
          "steppedLine": false,
          "targets": [
            {
              "expr": "100 - (avg by (cpu) (irate(node_cpu{mode=\"idle\", instance=~\"$server\"}[5m])) * 100)",
              "hide": false,
              "intervalFactor": 10,
              "legendFormat": "{{cpu}}",
              "refId": "A",
              "step": 50
            }
          ],
          "thresholds": [],
          "timeFrom": null,
          "timeShift": null,
          "title": "Idle cpu",
          "tooltip": {
            "msResolution": false,
            "shared": true,
            "sort": 0,
            "value_type": "cumulative"
          },
          "type": "graph",
          "xaxis": {
            "mode": "time",
            "name": null,
            "show": true,
            "values": []
          },
          "yaxes": [
            {
              "format": "percent",
              "label": "cpu usage",
              "logBase": 1,
              "max": 100,
              "min": 0,
              "show": true
            },
            {
              "format": "short",
              "label": null,
              "logBase": 1,
              "max": null,
              "min": null,
              "show": true
            }
          ]
        },
        {
          "aliasColors": {},
          "bars": false,
          "datasource": "Prometheus",
          "editable": true,
          "error": false,
          "fill": 1,
          "grid": {},
          "id": 9,
          "legend": {
            "avg": false,
            "current": false,
            "max": false,
            "min": false,
            "show": true,
            "total": false,
            "values": false
          },
          "lines": true,
          "linewidth": 2,
          "links": [],
          "nullPointMode": "connected",
          "percentage": false,
          "pointradius": 5,
          "points": false,
          "renderer": "flot",
          "seriesOverrides": [],
          "span": 6,
          "stack": false,
          "steppedLine": false,
          "targets": [
            {
              "expr": "node_load1{instance=~\"$server\"}",
              "intervalFactor": 4,
              "legendFormat": "load 1m",
              "refId": "A",
              "step": 20,
              "target": ""
            },
            {
              "expr": "node_load5{instance=~\"$server\"}",
              "intervalFactor": 4,
              "legendFormat": "load 5m",
              "refId": "B",
              "step": 20,
              "target": ""
            },
            {
              "expr": "node_load15{instance=~\"$server\"}",
              "intervalFactor": 4,
              "legendFormat": "load 15m",
              "refId": "C",
              "step": 20,
              "target": ""
            }
          ],
          "thresholds": [],
          "timeFrom": null,
          "timeShift": null,
          "title": "System load",
          "tooltip": {
            "msResolution": false,
            "shared": true,
            "sort": 0,
            "value_type": "cumulative"
          },
          "type": "graph",
          "xaxis": {
            "mode": "time",
            "name": null,
            "show": true,
            "values": []
          },
          "yaxes": [
            {
              "format": "percentunit",
              "label": null,
              "logBase": 1,
              "max": null,
              "min": null,
              "show": true
            },
            {
              "format": "short",
              "label": null,
              "logBase": 1,
              "max": null,
              "min": null,
              "show": true
            }
          ]
        }
      ],
      "repeat": null,
      "repeatIteration": null,
      "repeatRowId": null,
      "showTitle": false,
      "title": "New row",
      "titleSize": "h6"
    },
    {
      "collapse": false,
      "height": "250px",
      "panels": [
        {
          "aliasColors": {},
          "bars": false,
          "datasource": "Prometheus",
          "editable": true,
          "error": false,
          "fill": 1,
          "grid": {},
          "id": 4,
          "legend": {
            "avg": false,
            "current": false,
            "max": false,
            "min": false,
            "show": true,
            "total": false,
            "values": false
          },
          "lines": true,
          "linewidth": 2,
          "links": [],
          "nullPointMode": "connected",
          "percentage": false,
          "pointradius": 5,
          "points": false,
          "renderer": "flot",
          "seriesOverrides": [
            {
              "alias": "node_memory_SwapFree{instance=\"172.17.0.1:9100\",job=\"prometheus\"}",
              "yaxis": 2
            }
          ],
          "span": 10,
          "stack": false,
          "steppedLine": false,
          "targets": [
            {
              "expr": "node_memory_MemTotal{instance=~\"$server\"} - node_memory_MemFree{instance=~\"$server\"}",
              "intervalFactor": 2,
              "legendFormat": "free memory",
              "metric": "memo",
              "refId": "A",
              "step": 4,
              "target": ""
            }
          ],
          "thresholds": [],
          "timeFrom": null,
          "timeShift": null,
          "title": "Free memory",
          "tooltip": {
            "msResolution": false,
            "shared": true,
            "sort": 0,
            "value_type": "cumulative"
          },
          "type": "graph",
          "xaxis": {
            "mode": "time",
            "name": null,
            "show": true,
            "values": []
          },
          "yaxes": [
            {
              "format": "bytes",
              "label": null,
              "logBase": 1,
              "max": null,
              "min": null,
              "show": true
            },
            {
              "format": "short",
              "label": null,
              "logBase": 1,
              "max": null,
              "min": null,
              "show": true
            }
          ]
        },
        {
          "cacheTimeout": null,
          "colorBackground": false,
          "colorValue": false,
          "colors": [
            "rgba(245, 54, 54, 0.9)",
            "rgba(237, 129, 40, 0.89)",
            "rgba(50, 172, 45, 0.97)"
          ],
          "datasource": "Prometheus",
          "editable": true,
          "error": false,
          "format": "percent",
          "gauge": {
            "maxValue": 100,
            "minValue": 0,
            "show": true,
            "thresholdLabels": false,
            "thresholdMarkers": true
          },
          "id": 5,
          "interval": null,
          "links": [],
          "mappingType": 1,
          "mappingTypes": [
            {
              "name": "value to text",
              "value": 1
            },
            {
              "name": "range to text",
              "value": 2
            }
          ],
          "maxDataPoints": 100,
          "nullPointMode": "connected",
          "nullText": null,
          "postfix": "",
          "postfixFontSize": "50%",
          "prefix": "",
          "prefixFontSize": "50%",
          "rangeMaps": [
            {
              "from": "null",
              "text": "N/A",
              "to": "null"
            }
          ],
          "span": 2,
          "sparkline": {
            "fillColor": "rgba(31, 118, 189, 0.18)",
            "full": false,
            "lineColor": "rgb(31, 120, 193)",
            "show": false
          },
          "targets": [
            {
              "expr": "(node_memory_MemFree{instance=~\"$server\"} / node_memory_MemTotal{instance=~\"$server\"}) * 100",
              "intervalFactor": 2,
              "refId": "A",
              "step": 60,
              "target": ""
            }
          ],
          "thresholds": "10, 20",
          "title": "Free memory",
          "type": "singlestat",
          "valueFontSize": "80%",
          "valueMaps": [
            {
              "op": "=",
              "text": "N/A",
              "value": "null"
            }
          ],
          "valueName": "avg"
        }
      ],
      "repeat": null,
      "repeatIteration": null,
      "repeatRowId": null,
      "showTitle": false,
      "title": "New row",
      "titleSize": "h6"
    },
    {
      "collapse": false,
      "height": "250px",
      "panels": [
        {
          "aliasColors": {},
          "bars": false,
          "datasource": "Prometheus",
          "editable": true,
          "error": false,
          "fill": 1,
          "grid": {},
          "id": 6,
          "legend": {
            "avg": false,
            "current": false,
            "max": false,
            "min": false,
            "show": true,
            "total": false,
            "values": false
          },
          "lines": true,
          "linewidth": 2,
          "links": [],
          "nullPointMode": "connected",
          "percentage": false,
          "pointradius": 5,
          "points": false,
          "renderer": "flot",
          "seriesOverrides": [
            {
              "alias": "read",
              "yaxis": 1
            },
            {
              "alias": "{instance=\"172.17.0.1:9100\"}",
              "yaxis": 2
            },
            {
              "alias": "io time",
              "yaxis": 2
            }
          ],
          "span": 10,
          "stack": false,
          "steppedLine": false,
          "targets": [
            {
              "expr": "sum by (instance) (irate(node_disk_bytes_read{instance=~\"$server\"}[5m]))",
              "hide": false,
              "intervalFactor": 4,
              "legendFormat": "read",
              "refId": "A",
              "step": 8,
              "target": ""
            },
            {
              "expr": "sum by (instance) (irate(node_disk_bytes_written{instance=~\"$server\"}[5m]))",
              "intervalFactor": 4,
              "legendFormat": "written",
              "refId": "B",
              "step": 8
            },
            {
              "expr": "sum by (instance) (irate(node_disk_io_time_ms{instance=~\"$server\"}[5m]))",
              "intervalFactor": 4,
              "legendFormat": "io time",
              "refId": "C",
              "step": 8
            }
          ],
          "thresholds": [],
          "timeFrom": null,
          "timeShift": null,
          "title": "Disk usage",
          "tooltip": {
            "msResolution": false,
            "shared": true,
            "sort": 0,
            "value_type": "cumulative"
          },
          "type": "graph",
          "xaxis": {
            "mode": "time",
            "name": null,
            "show": true,
            "values": []
          },
          "yaxes": [
            {
              "format": "bytes",
              "label": null,
              "logBase": 1,
              "max": null,
              "min": null,
              "show": true
            },
            {
              "format": "ms",
              "label": null,
              "logBase": 1,
              "max": null,
              "min": null,
              "show": true
            }
          ]
        },
        {
          "cacheTimeout": null,
          "colorBackground": false,
          "colorValue": false,
          "colors": [
            "rgba(245, 54, 54, 0.9)",
            "rgba(237, 129, 40, 0.89)",
            "rgba(50, 172, 45, 0.97)"
          ],
          "datasource": "Prometheus",
          "editable": true,
          "error": false,
          "format": "percentunit",
          "gauge": {
            "maxValue": 1,
            "minValue": 0,
            "show": true,
            "thresholdLabels": false,
            "thresholdMarkers": true
          },
          "id": 7,
          "interval": null,
          "links": [],
          "mappingType": 1,
          "mappingTypes": [
            {
              "name": "value to text",
              "value": 1
            },
            {
              "name": "range to text",
              "value": 2
            }
          ],
          "maxDataPoints": 100,
          "nullPointMode": "connected",
          "nullText": null,
          "postfix": "",
          "postfixFontSize": "50%",
          "prefix": "",
          "prefixFontSize": "50%",
          "rangeMaps": [
            {
              "from": "null",
              "text": "N/A",
              "to": "null"
            }
          ],
          "span": 2,
          "sparkline": {
            "fillColor": "rgba(31, 118, 189, 0.18)",
            "full": false,
            "lineColor": "rgb(31, 120, 193)",
            "show": false
          },
          "targets": [
            {
              "expr": "min(node_filesystem_free{device!=\"rootfs\",instance=~\"$server\"} / node_filesystem_size{device!=\"rootfs\",instance=~\"$server\"})",
              "intervalFactor": 2,
              "refId": "A",
              "step": 60,
              "target": ""
            }
          ],
          "thresholds": "0.10, 0.25",
          "title": "Free disk space (lowest mountpoint)",
          "type": "singlestat",
          "valueFontSize": "80%",
          "valueMaps": [
            {
              "op": "=",
              "text": "N/A",
              "value": "null"
            }
          ],
          "valueName": "current"
        }
      ],
      "repeat": null,
      "repeatIteration": null,
      "repeatRowId": null,
      "showTitle": false,
      "title": "New row",
      "titleSize": "h6"
    },
    {
      "collapse": false,
      "height": "250px",
      "panels": [
        {
          "aliasColors": {},
          "bars": false,
          "datasource": "Prometheus",
          "editable": true,
          "error": false,
          "fill": 1,
          "grid": {},
          "id": 8,
          "legend": {
            "avg": false,
            "current": false,
            "max": false,
            "min": false,
            "show": true,
            "total": false,
            "values": false
          },
          "lines": true,
          "linewidth": 2,
          "links": [],
          "nullPointMode": "connected",
          "percentage": false,
          "pointradius": 5,
          "points": false,
          "renderer": "flot",
          "seriesOverrides": [
            {
              "alias": "transmitted ",
              "yaxis": 2
            }
          ],
          "span": 12,
          "stack": false,
          "steppedLine": false,
          "targets": [
            {
              "expr": "irate(node_network_receive_bytes{instance=~\"$server\",device!~\"lo\"}[5m])",
              "hide": false,
              "intervalFactor": 2,
              "legendFormat": "received",
              "refId": "A",
              "step": 4,
              "target": ""
            },
            {
              "expr": "irate(node_network_transmit_bytes{instance=~\"$server\",device!~\"lo\"}[5m])",
              "hide": false,
              "intervalFactor": 2,
              "legendFormat": "transmitted ",
              "refId": "B",
              "step": 4,
              "target": ""
            },
            {
              "expr": "node_network_transmit_bytes{instance=~\"$server\",device!~\"lo\"}",
              "hide": true,
              "intervalFactor": 2,
              "legendFormat": "transmitted ",
              "refId": "C",
              "step": 2,
              "target": ""
            }
          ],
          "thresholds": [],
          "timeFrom": null,
          "timeShift": null,
          "title": "Data transfer",
          "tooltip": {
            "msResolution": false,
            "shared": true,
            "sort": 0,
            "value_type": "cumulative"
          },
          "type": "graph",
          "xaxis": {
            "mode": "time",
            "name": null,
            "show": true,
            "values": []
          },
          "yaxes": [
            {
              "format": "bytes",
              "label": null,
              "logBase": 1,
              "max": null,
              "min": null,
              "show": true
            },
            {
              "format": "bytes",
              "label": null,
              "logBase": 1,
              "max": null,
              "min": null,
              "show": true
            }
          ]
        }
      ],
      "repeat": null,
      "repeatIteration": null,
      "repeatRowId": null,
      "showTitle": false,
      "title": "New row",
      "titleSize": "h6"
    }
  ],
  "schemaVersion": 14,
  "style": "dark",
  "tags": [
    "Openshift"
  ],
  "templating": {
    "list": [
      {
        "allValue": null,
        "current": {
          "tags": [],
          "text": "Master",
          "value": "Master"
        },
        "datasource": "Prometheus",
        "hide": 0,
        "includeAll": false,
        "label": null,
        "multi": false,
        "name": "server",
        "options": [],
        "query": "label_values(node_boot_time, instance)",
        "refresh": 1,
        "regex": "",
        "sort": 0,
        "tagValuesQuery": "",
        "tags": [],
        "tagsQuery": "",
        "type": "query",
        "useTags": false
      }
    ]
  },
  "time": {
    "from": "now-1h",
    "to": "now"
  },
  "timepicker": {
    "refresh_intervals": [
      "5s",
      "10s",
      "30s",
      "1m",
      "5m",
      "15m",
      "30m",
      "1h",
      "2h",
      "1d"
    ],
    "time_options": [
      "5m",
      "15m",
      "1h",
      "6h",
      "12h",
      "24h",
      "2d",
      "7d",
      "30d"
    ]
  },
  "timezone": "browser",
  "title": "OSE Servers Monitoring",
  "version": 1
 }   
}
